{
    "dataset": {
        "name": "coins",
        "label_name": "coin",
        "indices": null
    },
    "individual": {
        "sequence": "[[0, 0, 0, 0, 0], [18, 0, 0, 7, 8], [31, 1, 0, 144, 247], [19, 0, 0, 227, 232], [19, 0, 3, 237, 45], [12, 2, 4, 217, 140], [28, 3, 5, 31, 110], [14, 3, 0, 225, 228], [7, 7, 3, 58, 142], [2, 7, 6, 240, 94], [8, 1, 3, 30, 107], [23, 4, 10, 226, 234], [10, 4, 3, 113, 251], [10, 6, 2, 90, 94], [33, 3, 13, 228, 51], [31, 7, 3, 63, 119], [36, 5, 14, 218, 13], [29, 14, 7, 128, 254], [26, 14, 2, 184, 249], [2, 9, 5, 192, 126], [41, 6, 7, 57, 243], [25, 15, 13, 114, 61], [8, 11, 10, 211, 211], [29, 15, 15, 11, 233], [6, 21, 21, 143, 198], [10, 22, 15, 160, 224], [12, 22, 10, 50, 211], [11, 25, 7, 59, 81], [18, 0, 27, 253, 67], [31, 27, 22, 111, 78], [15, 3, 24, 85, 124], [0, 29, 0, 0, 0]]",
        "fitness": {
            "fitness": 0.039091452597129275,
            "time": 0.0015812397003173828,
            "act_nodes": 9.0
        }
    },
    "decoding": {
        "metadata": {
            "rows": 1,
            "columns": 30,
            "n_in": 1,
            "n_out": 1,
            "n_para": 2,
            "n_conn": 2
        },
        "functions": [
            "max",
            "min",
            "mean",
            "add",
            "subtract",
            "bitwise_not",
            "bitwise_or",
            "bitwise_and",
            "bitwise_and_mask",
            "bitwise_xor",
            "sqrt",
            "pow2",
            "exp",
            "log",
            "median_blur",
            "gaussian_blur",
            "laplacian",
            "sobel",
            "robert_cross",
            "canny",
            "sharpen",
            "gabor",
            "abs_diff",
            "abs_diff2",
            "fluo_tophat",
            "rel_diff",
            "erode",
            "dilate",
            "open",
            "close",
            "morph_gradient",
            "morph_tophat",
            "morph_blackhat",
            "fill_holes",
            "remove_small_objects",
            "remove_small_holes",
            "threshold",
            "threshold_at_1",
            "distance_transform",
            "distance_transform_and_thresh",
            "inrange_bin",
            "inrange"
        ],
        "endpoint": {
            "name": "Fit Ellipse",
            "abbv": "ELPS",
            "arity": 1,
            "args": 0,
            "kwargs": {
                "min_axis": 20,
                "max_axis": 60
            }
        },
        "mode": "default"
    }
}