{
    "dataset": {
        "name": "coins",
        "label_name": "coin",
        "indices": null
    },
    "individual": {
        "sequence": "[[0, 0, 0, 0, 0], [19, 0, 0, 241, 244], [17, 0, 1, 218, 102], [1, 1, 1, 33, 52], [32, 0, 0, 200, 108], [28, 4, 2, 180, 79], [27, 5, 2, 225, 159], [11, 1, 5, 248, 208], [17, 2, 7, 127, 45], [30, 4, 7, 49, 92], [38, 3, 3, 220, 125], [39, 8, 10, 224, 208], [24, 10, 6, 102, 249], [17, 3, 0, 125, 255], [26, 9, 2, 189, 157], [5, 3, 6, 35, 229], [4, 3, 14, 28, 147], [9, 10, 5, 50, 255], [28, 4, 8, 236, 157], [21, 12, 6, 30, 245], [17, 6, 9, 100, 221], [12, 7, 18, 140, 173], [27, 5, 14, 114, 212], [38, 15, 5, 158, 127], [25, 11, 6, 249, 183], [11, 21, 7, 161, 151], [33, 2, 18, 253, 230], [2, 1, 3, 199, 36], [26, 25, 2, 27, 56], [20, 24, 15, 4, 202], [37, 7, 29, 213, 221], [0, 7, 0, 0, 0]]",
        "fitness": {
            "fitness": 0.03974825985376249,
            "time": 0.0007453441619873046,
            "act_nodes": 2.0
        }
    },
    "decoding": {
        "metadata": {
            "rows": 1,
            "columns": 30,
            "n_in": 1,
            "n_out": 1,
            "n_para": 2,
            "n_conn": 2
        },
        "functions": [
            "max",
            "min",
            "mean",
            "add",
            "subtract",
            "bitwise_not",
            "bitwise_or",
            "bitwise_and",
            "bitwise_and_mask",
            "bitwise_xor",
            "sqrt",
            "pow2",
            "exp",
            "log",
            "median_blur",
            "gaussian_blur",
            "laplacian",
            "sobel",
            "robert_cross",
            "canny",
            "sharpen",
            "gabor",
            "abs_diff",
            "abs_diff2",
            "fluo_tophat",
            "rel_diff",
            "erode",
            "dilate",
            "open",
            "close",
            "morph_gradient",
            "morph_tophat",
            "morph_blackhat",
            "fill_holes",
            "remove_small_objects",
            "remove_small_holes",
            "threshold",
            "threshold_at_1",
            "distance_transform",
            "distance_transform_and_thresh",
            "inrange_bin",
            "inrange"
        ],
        "endpoint": {
            "name": "Fit Ellipse",
            "abbv": "ELPS",
            "arity": 1,
            "args": 0,
            "kwargs": {
                "min_axis": 20,
                "max_axis": 60
            }
        },
        "mode": "default"
    }
}