{
    "dataset": {
        "name": "coins",
        "label_name": "coin",
        "indices": null
    },
    "individual": {
        "sequence": "[[0, 0, 0, 0, 0], [13, 0, 0, 147, 253], [27, 1, 0, 23, 108], [14, 0, 1, 3, 238], [26, 2, 2, 149, 62], [16, 0, 2, 92, 192], [39, 2, 3, 240, 166], [22, 3, 4, 172, 224], [9, 1, 2, 166, 66], [2, 8, 3, 251, 181], [37, 7, 9, 28, 145], [24, 9, 0, 243, 105], [39, 10, 11, 136, 116], [34, 12, 2, 231, 203], [13, 5, 1, 184, 178], [6, 11, 14, 238, 192], [12, 6, 6, 47, 235], [31, 13, 16, 203, 65], [4, 6, 3, 29, 152], [40, 15, 13, 50, 237], [24, 1, 5, 46, 108], [40, 16, 19, 96, 242], [16, 21, 18, 91, 247], [41, 5, 22, 143, 93], [30, 19, 16, 120, 199], [2, 11, 10, 198, 37], [10, 24, 23, 123, 72], [15, 4, 7, 95, 49], [4, 23, 12, 188, 136], [20, 8, 5, 101, 229], [16, 17, 20, 15, 51], [0, 19, 0, 0, 0]]",
        "fitness": {
            "fitness": 0.029139858923771623,
            "time": 0.015755748748779295,
            "act_nodes": 10.0
        }
    },
    "decoding": {
        "metadata": {
            "rows": 1,
            "columns": 30,
            "n_in": 1,
            "n_out": 1,
            "n_para": 2,
            "n_conn": 2
        },
        "functions": [
            "max",
            "min",
            "mean",
            "add",
            "subtract",
            "bitwise_not",
            "bitwise_or",
            "bitwise_and",
            "bitwise_and_mask",
            "bitwise_xor",
            "sqrt",
            "pow2",
            "exp",
            "log",
            "median_blur",
            "gaussian_blur",
            "laplacian",
            "sobel",
            "robert_cross",
            "canny",
            "sharpen",
            "gabor",
            "abs_diff",
            "abs_diff2",
            "fluo_tophat",
            "rel_diff",
            "erode",
            "dilate",
            "open",
            "close",
            "morph_gradient",
            "morph_tophat",
            "morph_blackhat",
            "fill_holes",
            "remove_small_objects",
            "remove_small_holes",
            "threshold",
            "threshold_at_1",
            "distance_transform",
            "distance_transform_and_thresh",
            "inrange_bin",
            "inrange"
        ],
        "endpoint": {
            "name": "Fit Ellipse",
            "abbv": "ELPS",
            "arity": 1,
            "args": 0,
            "kwargs": {
                "min_axis": 20,
                "max_axis": 60
            }
        },
        "mode": "default"
    }
}